ID,NAME,AGE,PHOTO,PHONE_NUMBER,EMAIL,ID_NUMBER,LANGUAGE
1,Jiro Onodera,20,,012-3456-7890,jiro@example.com,100000001,Japanese English
2,Martin Kuchar,20,,012-3456-7890,martin@example.com,100000002,Slovakian English
3,Tomona Sako,20,,012-3456-7890,tomona@example.com,100000003,Japanese English
4,Alfie Duck,20,,012-3456-7890,alfie@example.com,100000004,English
5,Aidan Norman,20,,012-3456-7890,aidan@example.com,100000005,English
6,Travis Scot,20,,012-3456-7890,travis@example.com,100000006,English
7,Jimmy Buffet,20,,012-3456-7890,jimmy@example.com,100000007,English
8,Leo Nash,20,,012-3456-7890,leo@example.com,100000008,English
9,Raphael Santos,20,,012-3456-7890,raphael@example.com,100000009,English
10,Leon Rasilski,20,,012-3456-7890,leon@example.com,100000010,English
11,Ebony Maku,20,,012-3456-7890,ebony@example.com,100000011,English
12,Ernest Lonstroom,20,,012-3456-7890,ernest@example.com,100000012,English
13,Loan Frederikson,20,,012-3456-7890,loan@example.com,100000013,English
14,Elizabeth Lars,20,,012-3456-7890,elizabeth@example.com,100000014,English
15,Michaela Husarova,20,,012-3456-7890,michaela@example.com,100000015,English
16,Jane Salmik,20,,012-3456-7890,jane@example.com,100000016,English
17,Katy Mash,20,,012-3456-7890,katy@example.com,100000017,English
18,Hana Floss,20,,012-3456-7890,hana@example.com,100000018,English
19,Kitty Datu,20,,012-3456-7890,kitty@example.com,100000019,English
20,Veronica Sbest,20,,012-3456-7890,veronica@example.com,100000020,English
21,Hafsa Nanambu,20,,012-3456-7890,hafsa@example.com,100000021,English
22,Isabelle Discard,20,,012-3456-7890,isabelle@example.com,100000022,English
23,Harris Tom,20,,012-3456-7890,harris@example.com,100000023,English